<?xml version = '1.0' encoding = 'UTF-8'?>
<graphics>
   <diagram optimizeLayout="false" popupEditor="true" fixedWidthSwimlanes="true" roundedPartnerlinks="true" centerZoom="true" validateOnLoad="true" confirmBeforeDelete="true" selectedPartnerLinkColor="0,0,153" swimlaneBackground="240,240,240" swimlaneDividerBackground="218,218,218" graphBackground="255,255,255" selectedBorderBackground="49,105,198" connectedPartnerLinkColor="204,204,255" connectablePartnerLinkColor="0,0,255" unconnectedPartnerLinkColor="192,192,192"/>
   <annotationfile/>
   <iconize/>
   <partnerlink_locations>
      <partnerlink name="bezoekersregistratie_client" x="0" y="619" side="left"/>
      <partnerlink name="HlmUtilServices" x="1934" y="1532" side="right"/>
      <partnerlink name="ParkeerrechtenSessionEJBBeanService" x="1934" y="927" side="right"/>
      <partnerlink name="Lynxx" x="1934" y="181" side="right"/>
      <partnerlink name="WebSocketReference" x="1934" y="2454" side="right"/>
      <partnerlink name="DroolsBusinessRules" x="1934" y="319" side="right"/>
   </partnerlink_locations>
   <graph_layout viewport="0,655,1339,673" show_swimlanes="true">
      <layout_item collapsed="false" xpath="/process" type="process" showhandlers="true"/>
      <layout_item collapsed="false" xpath="/process/faultHandlers/catchAll" type="catchall"/>
      <layout_item collapsed="false" xpath="/process/faultHandlers/catchAll/sequence" type="sequence"/>
      <layout_item collapsed="false" xpath="/process/sequence" type="sequence"/>
      <layout_item collapsed="true" xpath="/process/sequence/scope[1]" type="scope" showhandlers="false"/>
      <layout_item collapsed="false" xpath="/process/sequence/scope[1]/faultHandlers/catchAll" type="catchall"/>
      <layout_item collapsed="false" xpath="/process/sequence/scope[1]/faultHandlers/catchAll/sequence" type="sequence"/>
      <layout_item collapsed="false" xpath="/process/sequence/scope[1]/sequence" type="sequence"/>
      <layout_item collapsed="true" xpath="/process/sequence/scope[2]" type="scope" showhandlers="true"/>
      <layout_item collapsed="false" xpath="/process/sequence/scope[2]/sequence" type="sequence"/>
      <layout_item collapsed="false" xpath="/process/sequence/scope[2]/sequence/if[1]/elseif/sequence" type="sequence"/>
      <layout_item collapsed="false" xpath="/process/sequence/scope[2]/sequence/if[2]/sequence" type="sequence"/>
      <layout_item collapsed="false" xpath="/process/sequence/scope[2]/sequence/if[2]/elseif/sequence" type="sequence"/>
      <layout_item collapsed="false" xpath="/process/sequence/scope[2]/sequence/if[2]/elseif/sequence" type="sequence"/>
      <layout_item collapsed="false" xpath="/process/sequence/scope[2]/sequence/if[2]/else/sequence" type="sequence"/>
      <layout_item collapsed="false" xpath="/process/sequence/if/sequence" type="sequence"/>
      <layout_item collapsed="false" xpath="/process/sequence/if/else/sequence" type="sequence"/>
      <layout_item collapsed="false" xpath="/process/sequence/if/else/sequence/scope" type="scope" showhandlers="true"/>
      <layout_item collapsed="false" xpath="/process/sequence/if/else/sequence/scope/faultHandlers/catchAll" type="catchall"/>
      <layout_item collapsed="false" xpath="/process/sequence/if/else/sequence/scope/sequence" type="sequence"/>
      <layout_item collapsed="false" xpath="/process/sequence/if/else/sequence/scope/sequence/if/sequence" type="sequence"/>
      <layout_item collapsed="false" xpath="/process/sequence/if/else/sequence/if/scope" type="scope" showhandlers="true"/>
      <layout_item collapsed="false" xpath="/process/sequence/if/else/sequence/if/scope/sequence" type="sequence"/>
      <layout_item collapsed="false" xpath="/process/sequence/if/else/sequence/if/scope/sequence/sequence" type="sequence"/>
      <layout_item collapsed="false" xpath="/process/sequence/if/else/sequence/if/scope/sequence/sequence/sequence" type="sequence"/>
      <layout_item collapsed="false" xpath="/process/sequence/if/else/sequence/if/scope/sequence/sequence/sequence/scope" type="scope" showhandlers="true"/>
      <layout_item collapsed="false" xpath="/process/sequence/if/else/sequence/if/scope/sequence/sequence/sequence/scope/faultHandlers/catchAll" type="catchall"/>
      <layout_item collapsed="false" xpath="/process/sequence/if/else/sequence/if/scope/sequence/sequence/sequence/scope/sequence" type="sequence"/>
      <layout_item collapsed="false" xpath="/process/sequence/if/else/sequence/if/else/sequence" type="sequence"/>
      <layout_item collapsed="false" xpath="/process/sequence/if/else/sequence/if/else/sequence/scope" type="scope" showhandlers="true"/>
      <layout_item collapsed="false" xpath="/process/sequence/if/else/sequence/if/else/sequence/scope/sequence" type="sequence"/>
      <layout_item collapsed="false" xpath="/process/sequence/if/else/sequence/if/else/sequence/scope/sequence/sequence" type="sequence"/>
      <layout_item collapsed="false" xpath="/process/sequence/if/else/sequence/if/else/sequence/scope/sequence/sequence/sequence" type="sequence"/>
      <layout_item collapsed="false" xpath="/process/sequence/if/else/sequence/if/else/sequence/scope/sequence/sequence/sequence/scope" type="scope" showhandlers="true"/>
      <layout_item collapsed="false" xpath="/process/sequence/if/else/sequence/if/else/sequence/scope/sequence/sequence/sequence/scope/faultHandlers/catchAll" type="catchall"/>
      <layout_item collapsed="false" xpath="/process/sequence/if/else/sequence/if/else/sequence/scope/sequence/sequence/sequence/scope/sequence" type="sequence"/>
   </graph_layout>
   <bookmarks/>
</graphics>
