<?xml version = '1.0' encoding = 'UTF-8'?>
<graphics>
   <diagram optimizeLayout="false" popupEditor="true" fixedWidthSwimlanes="true" roundedPartnerlinks="true" centerZoom="true" validateOnLoad="true" confirmBeforeDelete="true" selectedPartnerLinkColor="0,0,153" swimlaneBackground="240,240,240" swimlaneDividerBackground="218,218,218" graphBackground="255,255,255" selectedBorderBackground="49,105,198" connectedPartnerLinkColor="204,204,255" connectablePartnerLinkColor="0,0,255" unconnectedPartnerLinkColor="192,192,192"/>
   <annotationfile/>
   <iconize/>
   <partnerlink_locations>
      <partnerlink name="mutereneindtijd_client" x="2" y="662" side="left"/>
      <partnerlink name="ParkeerrechtenSessionEJBBeanService" x="1332" y="791" side="right"/>
      <partnerlink name="WebSocketReference" x="1332" y="1488" side="right"/>
   </partnerlink_locations>
   <graph_layout viewport="257,345,1207,653" show_swimlanes="true">
      <layout_item collapsed="false" xpath="/process" type="process" showhandlers="true"/>
      <layout_item collapsed="false" xpath="/process/sequence" type="sequence"/>
      <layout_item collapsed="false" xpath="/process/sequence/if/sequence" type="sequence"/>
      <layout_item collapsed="false" xpath="/process/sequence/if/sequence/if/sequence" type="sequence"/>
      <layout_item collapsed="false" xpath="/process/sequence/if/sequence/if/sequence/if/sequence" type="sequence"/>
      <layout_item collapsed="false" xpath="/process/sequence/if/sequence/if/sequence/if/sequence/scope" type="scope" showhandlers="true"/>
      <layout_item collapsed="false" xpath="/process/sequence/if/sequence/if/sequence/if/sequence/scope/faultHandlers/catchAll" type="catchall"/>
      <layout_item collapsed="false" xpath="/process/sequence/if/sequence/if/sequence/if/sequence/scope/sequence" type="sequence"/>
      <layout_item collapsed="false" xpath="/process/sequence/if/sequence/if/sequence/if/else/sequence" type="sequence"/>
      <layout_item collapsed="false" xpath="/process/sequence/if/sequence/if/else/sequence" type="sequence"/>
      <layout_item collapsed="false" xpath="/process/sequence/if/else/sequence" type="sequence"/>
   </graph_layout>
   <bookmarks/>
</graphics>
