<?xml version="1.0" encoding="Cp1252"?>
<toplink:object-persistence version="Oracle TopLink - 11g Release 1 (11.1.1.5.0) (Build 110305)" xmlns:opm="http://xmlns.oracle.com/ias/xsds/opm" xmlns:xsd="http://www.w3.org/2001/XMLSchema" xmlns:toplink="http://xmlns.oracle.com/ias/xsds/toplink" xmlns:xsi="http://www.w3.org/2001/XMLSchema-instance">
   <opm:name>tlMap</opm:name>
   <toplink:login xsi:type="toplink:database-login">
      <toplink:platform-class>oracle.toplink.platform.database.oracle.Oracle11Platform</toplink:platform-class>
      <toplink:user-name></toplink:user-name>
      <toplink:driver-class></toplink:driver-class>
      <toplink:connection-url></toplink:connection-url>
   </toplink:login>
</toplink:object-persistence>
