<?xml version="1.0" encoding="UTF-8" ?>
<S:Fault xmlns:S="http://schemas.xmlsoap.org/soap/envelope/" xmlns:ns4="http://www.w3.org/2003/05/soap-envelope">
         <faultcode>S:Server</faultcode>
         <faultstring>Geen Bezoekers recht gevonden met activeringscode: AC0993XX</faultstring>
         <detail>
            <ns3:BeozkersparkerenException xmlns:ns2="http://parkeerrechten.services.haarlem.nl/" xmlns:ns3="http://www.haarlem.nl/services/exception/BeozkersparkerenException">
               <message>Geen Bezoekers recht gevonden met activeringscode: AC0993XX</message>
            </ns3:BeozkersparkerenException>
            <ns2:exception class="nl.haarlem.services.parkeerrechten.exception.BeozkersparkerenException" note="To disable this feature, set com.sun.xml.ws.fault.SOAPFaultBuilder.disableCaptureStackTrace system property to false" xmlns:ns2="http://jax-ws.dev.java.net/">
               <message>Geen Bezoekers recht gevonden met activeringscode: AC0993XX</message>
               <ns2:stackTrace>
                  <ns2:frame class="nl.haarlem.services.parkeerrechten.service.impl.RegistratieServiceImpl" file="RegistratieServiceImpl.java" line="93" method="ophalenRegstratiesHistorie"/>
                  <ns2:frame class="sun.reflect.NativeMethodAccessorImpl" file="NativeMethodAccessorImpl.java" line="native" method="invoke0"/>
                  <ns2:frame class="sun.reflect.NativeMethodAccessorImpl" file="NativeMethodAccessorImpl.java" line="39" method="invoke"/>
                  <ns2:frame class="sun.reflect.DelegatingMethodAccessorImpl" file="DelegatingMethodAccessorImpl.java" line="25" method="invoke"/>
                  <ns2:frame class="java.lang.reflect.Method" file="Method.java" line="597" method="invoke"/>
                  <ns2:frame class="com.bea.core.repackaged.springframework.aop.support.AopUtils" file="AopUtils.java" line="310" method="invokeJoinpointUsingReflection"/>
                  <ns2:frame class="com.bea.core.repackaged.springframework.aop.framework.ReflectiveMethodInvocation" file="ReflectiveMethodInvocation.java" line="182" method="invokeJoinpoint"/>
                  <ns2:frame class="com.bea.core.repackaged.springframework.aop.framework.ReflectiveMethodInvocation" file="ReflectiveMethodInvocation.java" line="149" method="proceed"/>
                  <ns2:frame class="com.bea.core.repackaged.springframework.aop.support.DelegatingIntroductionInterceptor" file="DelegatingIntroductionInterceptor.java" line="131" method="doProceed"/>
                  <ns2:frame class="com.bea.core.repackaged.springframework.aop.support.DelegatingIntroductionInterceptor" file="DelegatingIntroductionInterceptor.java" line="119" method="invoke"/>
                  <ns2:frame class="com.bea.core.repackaged.springframework.aop.framework.ReflectiveMethodInvocation" file="ReflectiveMethodInvocation.java" line="171" method="proceed"/>
                  <ns2:frame class="com.oracle.pitchfork.spi.MethodInvocationVisitorImpl" file="MethodInvocationVisitorImpl.java" line="34" method="visit"/>
                  <ns2:frame class="weblogic.ejb.container.injection.EnvironmentInterceptorCallbackImpl" file="EnvironmentInterceptorCallbackImpl.java" line="54" method="callback"/>
                  <ns2:frame class="com.oracle.pitchfork.spi.EnvironmentInterceptor" file="EnvironmentInterceptor.java" line="42" method="invoke"/>
                  <ns2:frame class="com.bea.core.repackaged.springframework.aop.framework.ReflectiveMethodInvocation" file="ReflectiveMethodInvocation.java" line="171" method="proceed"/>
                  <ns2:frame class="com.bea.core.repackaged.springframework.aop.interceptor.ExposeInvocationInterceptor" file="ExposeInvocationInterceptor.java" line="89" method="invoke"/>
                  <ns2:frame class="com.bea.core.repackaged.springframework.aop.framework.ReflectiveMethodInvocation" file="ReflectiveMethodInvocation.java" line="171" method="proceed"/>
                  <ns2:frame class="com.bea.core.repackaged.springframework.aop.support.DelegatingIntroductionInterceptor" file="DelegatingIntroductionInterceptor.java" line="131" method="doProceed"/>
                  <ns2:frame class="com.bea.core.repackaged.springframework.aop.support.DelegatingIntroductionInterceptor" file="DelegatingIntroductionInterceptor.java" line="119" method="invoke"/>
                  <ns2:frame class="com.bea.core.repackaged.springframework.aop.framework.ReflectiveMethodInvocation" file="ReflectiveMethodInvocation.java" line="171" method="proceed"/>
                  <ns2:frame class="com.bea.core.repackaged.springframework.aop.framework.JdkDynamicAopProxy" file="JdkDynamicAopProxy.java" line="204" method="invoke"/>
                  <ns2:frame class="$Proxy529" line="unknown" method="ophalenRegstratiesHistorie"/>
                  <ns2:frame class="nl.haarlem.services.parkeerrechten.service.impl.RegistratieServiceImpl_cjamss_RegistratieServiceImpl" line="unknown" method="__WL_invoke"/>
                  <ns2:frame class="weblogic.ejb.container.internal.SessionLocalMethodInvoker" file="SessionLocalMethodInvoker.java" line="39" method="invoke"/>
                  <ns2:frame class="nl.haarlem.services.parkeerrechten.service.impl.RegistratieServiceImpl_cjamss_RegistratieServiceImpl" line="unknown" method="ophalenRegstratiesHistorie"/>
                  <ns2:frame class="nl.haarlem.services.parkeerrechten.ParkeerrechtenSessionEJBBean" file="ParkeerrechtenSessionEJBBean.java" line="135" method="ophalenRegstratiesHistorie"/>
                  <ns2:frame class="sun.reflect.NativeMethodAccessorImpl" file="NativeMethodAccessorImpl.java" line="native" method="invoke0"/>
                  <ns2:frame class="sun.reflect.NativeMethodAccessorImpl" file="NativeMethodAccessorImpl.java" line="39" method="invoke"/>
                  <ns2:frame class="sun.reflect.DelegatingMethodAccessorImpl" file="DelegatingMethodAccessorImpl.java" line="25" method="invoke"/>
                  <ns2:frame class="java.lang.reflect.Method" file="Method.java" line="597" method="invoke"/>
                  <ns2:frame class="com.bea.core.repackaged.springframework.aop.support.AopUtils" file="AopUtils.java" line="310" method="invokeJoinpointUsingReflection"/>
                  <ns2:frame class="com.bea.core.repackaged.springframework.aop.framework.ReflectiveMethodInvocation" file="ReflectiveMethodInvocation.java" line="182" method="invokeJoinpoint"/>
                  <ns2:frame class="com.bea.core.repackaged.springframework.aop.framework.ReflectiveMethodInvocation" file="ReflectiveMethodInvocation.java" line="149" method="proceed"/>
                  <ns2:frame class="com.bea.core.repackaged.springframework.aop.support.DelegatingIntroductionInterceptor" file="DelegatingIntroductionInterceptor.java" line="131" method="doProceed"/>
                  <ns2:frame class="com.bea.core.repackaged.springframework.aop.support.DelegatingIntroductionInterceptor" file="DelegatingIntroductionInterceptor.java" line="119" method="invoke"/>
                  <ns2:frame class="com.bea.core.repackaged.springframework.aop.framework.ReflectiveMethodInvocation" file="ReflectiveMethodInvocation.java" line="171" method="proceed"/>
                  <ns2:frame class="com.oracle.pitchfork.spi.MethodInvocationVisitorImpl" file="MethodInvocationVisitorImpl.java" line="34" method="visit"/>
                  <ns2:frame class="weblogic.ejb.container.injection.EnvironmentInterceptorCallbackImpl" file="EnvironmentInterceptorCallbackImpl.java" line="54" method="callback"/>
                  <ns2:frame class="com.oracle.pitchfork.spi.EnvironmentInterceptor" file="EnvironmentInterceptor.java" line="42" method="invoke"/>
                  <ns2:frame class="com.bea.core.repackaged.springframework.aop.framework.ReflectiveMethodInvocation" file="ReflectiveMethodInvocation.java" line="171" method="proceed"/>
                  <ns2:frame class="com.bea.core.repackaged.springframework.aop.interceptor.ExposeInvocationInterceptor" file="ExposeInvocationInterceptor.java" line="89" method="invoke"/>
                  <ns2:frame class="com.bea.core.repackaged.springframework.aop.framework.ReflectiveMethodInvocation" file="ReflectiveMethodInvocation.java" line="171" method="proceed"/>
                  <ns2:frame class="com.bea.core.repackaged.springframework.aop.support.DelegatingIntroductionInterceptor" file="DelegatingIntroductionInterceptor.java" line="131" method="doProceed"/>
                  <ns2:frame class="com.bea.core.repackaged.springframework.aop.support.DelegatingIntroductionInterceptor" file="DelegatingIntroductionInterceptor.java" line="119" method="invoke"/>
                  <ns2:frame class="com.bea.core.repackaged.springframework.aop.framework.ReflectiveMethodInvocation" file="ReflectiveMethodInvocation.java" line="171" method="proceed"/>
                  <ns2:frame class="com.bea.core.repackaged.springframework.aop.framework.JdkDynamicAopProxy" file="JdkDynamicAopProxy.java" line="204" method="invoke"/>
                  <ns2:frame class="$Proxy528" line="unknown" method="ophalenRegstratiesHistorie"/>
                  <ns2:frame class="nl.haarlem.services.parkeerrechten.ParkeerrechtenDB_s8nhe7_WSOImpl" line="unknown" method="__WL_invoke"/>
                  <ns2:frame class="weblogic.ejb.container.internal.WSOMethodInvoker" file="WSOMethodInvoker.java" line="22" method="invoke"/>
                  <ns2:frame class="nl.haarlem.services.parkeerrechten.ParkeerrechtenDB_s8nhe7_WSOImpl" line="unknown" method="__WL_ophalenRegstratiesHistorie_WS"/>
                  <ns2:frame class="sun.reflect.NativeMethodAccessorImpl" file="NativeMethodAccessorImpl.java" line="native" method="invoke0"/>
                  <ns2:frame class="sun.reflect.NativeMethodAccessorImpl" file="NativeMethodAccessorImpl.java" line="39" method="invoke"/>
                  <ns2:frame class="sun.reflect.DelegatingMethodAccessorImpl" file="DelegatingMethodAccessorImpl.java" line="25" method="invoke"/>
                  <ns2:frame class="java.lang.reflect.Method" file="Method.java" line="597" method="invoke"/>
                  <ns2:frame class="weblogic.wsee.server.ejb.WsEjb" file="WsEjb.java" line="54" method="invoke"/>
                  <ns2:frame class="weblogic.wsee.jaxws.WLSEjbInstanceResolver$WLSEjbInvoker" file="WLSEjbInstanceResolver.java" line="192" method="invoke"/>
                  <ns2:frame class="weblogic.wsee.jaxws.WLSInstanceResolver$WLSInvoker" file="WLSInstanceResolver.java" line="74" method="invoke"/>
                  <ns2:frame class="com.sun.xml.ws.server.InvokerTube$2" file="InvokerTube.java" line="151" method="invoke"/>
                  <ns2:frame class="com.sun.xml.ws.server.sei.EndpointMethodHandlerImpl" file="EndpointMethodHandlerImpl.java" line="268" method="invoke"/>
                  <ns2:frame class="com.sun.xml.ws.server.sei.SEIInvokerTube" file="SEIInvokerTube.java" line="100" method="processRequest"/>
                  <ns2:frame class="com.sun.xml.ws.api.pipe.Fiber" file="Fiber.java" line="866" method="__doRun"/>
                  <ns2:frame class="com.sun.xml.ws.api.pipe.Fiber" file="Fiber.java" line="815" method="_doRun"/>
                  <ns2:frame class="com.sun.xml.ws.api.pipe.Fiber" file="Fiber.java" line="778" method="doRun"/>
                  <ns2:frame class="com.sun.xml.ws.api.pipe.Fiber" file="Fiber.java" line="680" method="runSync"/>
                  <ns2:frame class="com.sun.xml.ws.server.WSEndpointImpl$2" file="WSEndpointImpl.java" line="403" method="process"/>
                  <ns2:frame class="com.sun.xml.ws.transport.http.HttpAdapter$HttpToolkit" file="HttpAdapter.java" line="539" method="handle"/>
                  <ns2:frame class="com.sun.xml.ws.transport.http.HttpAdapter" file="HttpAdapter.java" line="253" method="handle"/>
                  <ns2:frame class="com.sun.xml.ws.transport.http.servlet.ServletAdapter" file="ServletAdapter.java" line="140" method="handle"/>
                  <ns2:frame class="weblogic.wsee.jaxws.WLSServletAdapter" file="WLSServletAdapter.java" line="171" method="handle"/>
                  <ns2:frame class="weblogic.wsee.jaxws.HttpServletAdapter$AuthorizedInvoke" file="HttpServletAdapter.java" line="708" method="run"/>
                  <ns2:frame class="weblogic.security.acl.internal.AuthenticatedSubject" file="AuthenticatedSubject.java" line="363" method="doAs"/>
                  <ns2:frame class="weblogic.security.service.SecurityManager" file="SecurityManager.java" line="146" method="runAs"/>
                  <ns2:frame class="weblogic.wsee.util.ServerSecurityHelper" file="ServerSecurityHelper.java" line="103" method="authenticatedInvoke"/>
                  <ns2:frame class="weblogic.wsee.jaxws.HttpServletAdapter$3" file="HttpServletAdapter.java" line="311" method="run"/>
                  <ns2:frame class="weblogic.wsee.jaxws.HttpServletAdapter" file="HttpServletAdapter.java" line="336" method="post"/>
                  <ns2:frame class="weblogic.wsee.jaxws.JAXWSServlet" file="JAXWSServlet.java" line="99" method="doRequest"/>
                  <ns2:frame class="weblogic.servlet.http.AbstractAsyncServlet" file="AbstractAsyncServlet.java" line="99" method="service"/>
                  <ns2:frame class="javax.servlet.http.HttpServlet" file="HttpServlet.java" line="820" method="service"/>
                  <ns2:frame class="weblogic.servlet.internal.StubSecurityHelper$ServletServiceAction" file="StubSecurityHelper.java" line="227" method="run"/>
                  <ns2:frame class="weblogic.servlet.internal.StubSecurityHelper" file="StubSecurityHelper.java" line="125" method="invokeServlet"/>
                  <ns2:frame class="weblogic.servlet.internal.ServletStubImpl" file="ServletStubImpl.java" line="301" method="execute"/>
                  <ns2:frame class="weblogic.servlet.internal.ServletStubImpl" file="ServletStubImpl.java" line="184" method="execute"/>
                  <ns2:frame class="weblogic.servlet.internal.WebAppServletContext$ServletInvocationAction" file="WebAppServletContext.java" line="3732" method="wrapRun"/>
                  <ns2:frame class="weblogic.servlet.internal.WebAppServletContext$ServletInvocationAction" file="WebAppServletContext.java" line="3696" method="run"/>
                  <ns2:frame class="weblogic.security.acl.internal.AuthenticatedSubject" file="AuthenticatedSubject.java" line="321" method="doAs"/>
                  <ns2:frame class="weblogic.security.service.SecurityManager" file="SecurityManager.java" line="120" method="runAs"/>
                  <ns2:frame class="weblogic.servlet.internal.WebAppServletContext" file="WebAppServletContext.java" line="2273" method="securedExecute"/>
                  <ns2:frame class="weblogic.servlet.internal.WebAppServletContext" file="WebAppServletContext.java" line="2179" method="execute"/>
                  <ns2:frame class="weblogic.servlet.internal.ServletRequestImpl" file="ServletRequestImpl.java" line="1490" method="run"/>
                  <ns2:frame class="weblogic.work.ExecuteThread" file="ExecuteThread.java" line="256" method="execute"/>
                  <ns2:frame class="weblogic.work.ExecuteThread" file="ExecuteThread.java" line="221" method="run"/>
               </ns2:stackTrace>
            </ns2:exception>
         </detail>
      </S:Fault>