<?xml version = '1.0' encoding = 'UTF-8'?>
<ns1:OphalenRegistratieHistorieResponse xmlns:S="http://schemas.xmlsoap.org/soap/envelope/" xmlns:hlm="http://www.oracle.com/XSL/Transform/java/nl.haarlem.util.xpath.HlmXPathFunctions" xmlns:ns1="http://www.haarlem.nl/services/Bezoekersparkeren/">
   <ns1:responseHeader>
      <ns1:status>success</ns1:status>
      <ns1:mededeling>Geen Bezoekers recht gevonden met activeringscode: AC0993XX</ns1:mededeling>
      <ns1:timestamp>2017-06-13T11:11:49.344+02:00</ns1:timestamp>
   </ns1:responseHeader>
   <ns1:registraties/>
</ns1:OphalenRegistratieHistorieResponse>
