<?xml version = '1.0' encoding = 'UTF-8'?>
<s0:stopPermitParkingRightRequest xmlns:hlm="http://www.oracle.com/XSL/Transform/java/nl.haarlem.util.xpath.HlmXPathFunctions" xmlns:s0="urn:parkmobile-com:prdb:parkingrightservice:messages:v1">
   <s0:message602>
      <s1:parkingrightID xmlns:s1="urn:parkmobile-com:prdb:parkingrightservice:metadata:v1"/>
      <s1:systemMsg xmlns:s1="urn:parkmobile-com:prdb:parkingrightservice:metadata:v1">
         <s1:systeemCode>eLok330</s1:systeemCode>
         <s1:transactionNr/>
         <s1:checkKey/>
         <s1:transactionRetryNr>3</s1:transactionRetryNr>
         <s1:endDatetime>2017-06-16T16:02:44.448+02:00</s1:endDatetime>
         <s1:refundAmount>1000</s1:refundAmount>
         <s1:usedVATPercentage>1000</s1:usedVATPercentage>
         <s1:instanceValue>1000</s1:instanceValue>
      </s1:systemMsg>
   </s0:message602>
</s0:stopPermitParkingRightRequest>
