<?xml version = '1.0' encoding = 'UTF-8'?>
<graphics>
   <diagram optimizeLayout="false" popupEditor="true" fixedWidthSwimlanes="true" roundedPartnerlinks="true" centerZoom="true" validateOnLoad="true" confirmBeforeDelete="true" selectedPartnerLinkColor="0,0,153" swimlaneBackground="240,240,240" swimlaneDividerBackground="218,218,218" graphBackground="255,255,255" selectedBorderBackground="49,105,198" connectedPartnerLinkColor="204,204,255" connectablePartnerLinkColor="0,0,255" unconnectedPartnerLinkColor="192,192,192"/>
   <annotationfile/>
   <iconize/>
   <partnerlink_locations>
      <partnerlink name="muterenbezoekersrecht_client" x="0" y="1225" side="left"/>
      <partnerlink name="ParkeerrechtenSessionEJBBeanService" x="1059" y="1927" side="right"/>
      <partnerlink name="ValidationServices" x="1059" y="861" side="right"/>
   </partnerlink_locations>
   <graph_layout viewport="0,0,1191,639" show_swimlanes="true">
      <layout_item collapsed="false" xpath="/process" type="process" showhandlers="true"/>
      <layout_item collapsed="false" xpath="/process/sequence" type="sequence"/>
      <layout_item collapsed="false" xpath="/process/sequence/scope[1]" type="scope" showhandlers="true"/>
      <layout_item collapsed="false" xpath="/process/sequence/scope[1]/if/sequence" type="sequence"/>
      <layout_item collapsed="false" xpath="/process/sequence/scope[1]/if/elseif/sequence" type="sequence"/>
      <layout_item collapsed="false" xpath="/process/sequence/scope[1]/if/elseif/sequence/if/else/sequence" type="sequence"/>
      <layout_item collapsed="false" xpath="/process/sequence/scope[2]" type="scope" showhandlers="true"/>
      <layout_item collapsed="false" xpath="/process/sequence/scope[2]/sequence" type="sequence"/>
      <layout_item collapsed="false" xpath="/process/sequence/scope[2]/sequence/if/else/sequence" type="sequence"/>
      <layout_item collapsed="false" xpath="/process/sequence/scope[3]" type="scope" showhandlers="true"/>
      <layout_item collapsed="false" xpath="/process/sequence/scope[3]/faultHandlers/catch" type="catch"/>
      <layout_item collapsed="false" xpath="/process/sequence/scope[3]/faultHandlers/catch/sequence" type="sequence"/>
      <layout_item collapsed="false" xpath="/process/sequence/scope[3]/sequence" type="sequence"/>
   </graph_layout>
   <bookmarks/>
</graphics>
