<?xml version = '1.0' encoding = 'UTF-8'?>
<graphics>
   <diagram optimizeLayout="false" popupEditor="true" fixedWidthSwimlanes="true" roundedPartnerlinks="true" centerZoom="true" validateOnLoad="true" confirmBeforeDelete="true" selectedPartnerLinkColor="0,0,153" swimlaneBackground="240,240,240" swimlaneDividerBackground="218,218,218" graphBackground="255,255,255" selectedBorderBackground="49,105,198" connectedPartnerLinkColor="204,204,255" connectablePartnerLinkColor="0,0,255" unconnectedPartnerLinkColor="192,192,192"/>
   <annotationfile/>
   <iconize/>
   <partnerlink_locations>
      <partnerlink name="registrerenbezoekersrecht_client" x="1" y="1959" side="left"/>
      <partnerlink name="ValidationServices" x="1" y="868" side="left"/>
      <partnerlink name="ParkeerrechtenSessionEJBBeanService" x="1325" y="3030" side="right"/>
      <partnerlink name="bg0310_Service" x="1325" y="1940" side="right"/>
      <partnerlink name="OpenDataClientWS" x="1325" y="2309" side="right"/>
   </partnerlink_locations>
   <graph_layout viewport="0,225,1191,625" show_swimlanes="true">
      <layout_item collapsed="false" xpath="/process" type="process" showhandlers="true"/>
      <layout_item collapsed="false" xpath="/process/sequence" type="sequence"/>
      <layout_item collapsed="false" xpath="/process/sequence/scope" type="scope" showhandlers="true"/>
      <layout_item collapsed="false" xpath="/process/sequence/scope/sequence" type="sequence"/>
      <layout_item collapsed="false" xpath="/process/sequence/scope/sequence/scope" type="scope" showhandlers="true"/>
      <layout_item collapsed="false" xpath="/process/sequence/scope/sequence/scope/sequence" type="sequence"/>
      <layout_item collapsed="false" xpath="/process/sequence/scope/sequence/scope/sequence/if[1]/sequence" type="sequence"/>
      <layout_item collapsed="false" xpath="/process/sequence/scope/sequence/scope/sequence/if[1]/elseif/sequence" type="sequence"/>
      <layout_item collapsed="false" xpath="/process/sequence/scope/sequence/scope/sequence/if[1]/elseif/sequence/if/else/sequence" type="sequence"/>
      <layout_item collapsed="false" xpath="/process/sequence/scope/sequence/scope/sequence/if[2]/else/sequence" type="sequence"/>
      <layout_item collapsed="false" xpath="/process/sequence/scope/sequence/if/sequence" type="sequence"/>
      <layout_item collapsed="false" xpath="/process/sequence/scope/sequence/if/sequence/scope[1]" type="scope" showhandlers="true"/>
      <layout_item collapsed="false" xpath="/process/sequence/scope/sequence/if/sequence/scope[1]/faultHandlers/catch" type="catch"/>
      <layout_item collapsed="false" xpath="/process/sequence/scope/sequence/if/sequence/scope[1]/faultHandlers/catch/sequence" type="sequence"/>
      <layout_item collapsed="false" xpath="/process/sequence/scope/sequence/if/sequence/scope[1]/sequence" type="sequence"/>
      <layout_item collapsed="false" xpath="/process/sequence/scope/sequence/if/sequence/scope[2]" type="scope" showhandlers="true"/>
      <layout_item collapsed="false" xpath="/process/sequence/scope/sequence/if/sequence/scope[2]/sequence" type="sequence"/>
      <layout_item collapsed="false" xpath="/process/sequence/scope/sequence/if/sequence/if/sequence" type="sequence"/>
      <layout_item collapsed="false" xpath="/process/sequence/scope/sequence/if/sequence/if/else/sequence" type="sequence"/>
      <layout_item collapsed="false" xpath="/process/sequence/scope/sequence/if/sequence/if/else/sequence/scope" type="scope" showhandlers="true"/>
      <layout_item collapsed="false" xpath="/process/sequence/scope/sequence/if/sequence/if/else/sequence/scope/faultHandlers/catch" type="catch"/>
      <layout_item collapsed="false" xpath="/process/sequence/scope/sequence/if/sequence/if/else/sequence/scope/faultHandlers/catch/sequence" type="sequence"/>
      <layout_item collapsed="false" xpath="/process/sequence/scope/sequence/if/sequence/if/else/sequence/scope/sequence" type="sequence"/>
      <layout_item collapsed="false" xpath="/process/sequence/scope/sequence/if/else/sequence" type="sequence"/>
   </graph_layout>
   <bookmarks/>
</graphics>
