<?xml version = '1.0' encoding = 'UTF-8'?>
<graphics>
   <diagram optimizeLayout="false" popupEditor="true" fixedWidthSwimlanes="true" roundedPartnerlinks="true" centerZoom="true" validateOnLoad="true" confirmBeforeDelete="true" selectedPartnerLinkColor="0,0,153" swimlaneBackground="240,240,240" swimlaneDividerBackground="218,218,218" graphBackground="255,255,255" selectedBorderBackground="49,105,198" connectedPartnerLinkColor="204,204,255" connectablePartnerLinkColor="0,0,255" unconnectedPartnerLinkColor="192,192,192"/>
   <annotationfile/>
   <iconize/>
   <partnerlink_locations>
      <partnerlink name="validatieaanvraagbezoekersrecht_client" x="0" y="1523" side="left"/>
      <partnerlink name="ValidationServices" x="0" y="420" side="left"/>
      <partnerlink name="bg0310_Service" x="0" y="1141" side="left"/>
      <partnerlink name="ParkeerrechtenSessionEJBBeanService" x="0" y="2265" side="left"/>
      <partnerlink name="OpenDataClientWS" x="0" y="1464" side="left"/>
   </partnerlink_locations>
   <graph_layout viewport="0,2473,1149,625" show_swimlanes="true">
      <layout_item collapsed="false" xpath="/process" type="process" showhandlers="true"/>
      <layout_item collapsed="false" xpath="/process/sequence" type="sequence"/>
      <layout_item collapsed="false" xpath="/process/sequence/if[1]/sequence" type="sequence"/>
      <layout_item collapsed="false" xpath="/process/sequence/if[1]/elseif/sequence" type="sequence"/>
      <layout_item collapsed="false" xpath="/process/sequence/if[1]/elseif/sequence/if/sequence" type="sequence"/>
      <layout_item collapsed="false" xpath="/process/sequence/if[1]/elseif/sequence/if/else/sequence" type="sequence"/>
      <layout_item collapsed="false" xpath="/process/sequence/if[1]/elseif/sequence" type="sequence"/>
      <layout_item collapsed="false" xpath="/process/sequence/if[1]/elseif/sequence/if/sequence" type="sequence"/>
      <layout_item collapsed="false" xpath="/process/sequence/if[1]/elseif/sequence/if/else/sequence" type="sequence"/>
      <layout_item collapsed="false" xpath="/process/sequence/if[1]/else/sequence" type="sequence"/>
      <layout_item collapsed="false" xpath="/process/sequence/if[2]/sequence" type="sequence"/>
      <layout_item collapsed="false" xpath="/process/sequence/if[2]/sequence/scope[1]" type="scope" showhandlers="true"/>
      <layout_item collapsed="false" xpath="/process/sequence/if[2]/sequence/scope[1]/faultHandlers/catch" type="catch"/>
      <layout_item collapsed="false" xpath="/process/sequence/if[2]/sequence/scope[1]/faultHandlers/catch/sequence" type="sequence"/>
      <layout_item collapsed="false" xpath="/process/sequence/if[2]/sequence/scope[1]/sequence" type="sequence"/>
      <layout_item collapsed="false" xpath="/process/sequence/if[2]/sequence/scope[1]/sequence/if/else/sequence" type="sequence"/>
      <layout_item collapsed="false" xpath="/process/sequence/if[2]/sequence/scope[2]" type="scope" showhandlers="true"/>
      <layout_item collapsed="false" xpath="/process/sequence/if[2]/sequence/scope[2]/sequence" type="sequence"/>
      <layout_item collapsed="false" xpath="/process/sequence/if[2]/sequence/if/sequence" type="sequence"/>
      <layout_item collapsed="false" xpath="/process/sequence/if[2]/sequence/if/else/sequence" type="sequence"/>
      <layout_item collapsed="false" xpath="/process/sequence/if[2]/else/sequence" type="sequence"/>
   </graph_layout>
   <bookmarks/>
</graphics>
