<?xml version = '1.0' encoding = 'UTF-8'?>
<Faults>
   <Fault>
      <severity>warning</severity>
      <loc>/ns:composite/ns:component[@name='RegistrerenBezoekersrecht/httpParkeerZoneByPostCode1']</loc>
      <line/>
      <col/>
      <file>C:\Users\seazzouzi\Workspaces\Haarlem\Bezoekersparkeren\composite.xml</file>
      <name>C:\Users\seazzouzi\Workspaces\Haarlem\Bezoekersparkeren\composite.xml</name>
      <fix/>
      <msg>The service "httpParkeerZoneByPostCode1" exposed by component "RegistrerenBezoekersrecht" is not wired to/used by any other component.</msg>
   </Fault>
   <Fault>
      <severity>warning</severity>
      <loc>/ns:composite/ns:component[@name='RegistrerenBezoekersrecht/httpParkeerZoneByPostCode2']</loc>
      <line/>
      <col/>
      <file>C:\Users\seazzouzi\Workspaces\Haarlem\Bezoekersparkeren\composite.xml</file>
      <name>C:\Users\seazzouzi\Workspaces\Haarlem\Bezoekersparkeren\composite.xml</name>
      <fix/>
      <msg>The service "httpParkeerZoneByPostCode2" exposed by component "RegistrerenBezoekersrecht" is not wired to/used by any other component.</msg>
   </Fault>
   <Fault>
      <severity>warning</severity>
      <loc/>
      <line>381</line>
      <col/>
      <file>BezoekersRegistratie.bpel</file>
      <name>BezoekersRegistratie.bpel</name>
      <fix>Add function definition for this function "upper-case" to the validator</fix>
      <msg>Unknown function "upper-case" used in &lt;bpel:from></msg>
   </Fault>
   <Fault>
      <severity>warning</severity>
      <loc/>
      <line>555</line>
      <col/>
      <file>BezoekersRegistratie.bpel</file>
      <name>BezoekersRegistratie.bpel</name>
      <fix>Add function definition for this function "upper-case" to the validator</fix>
      <msg>Unknown function "upper-case" used in &lt;bpel:from></msg>
   </Fault>
   <Fault>
      <severity>warning</severity>
      <loc/>
      <line>583</line>
      <col/>
      <file>BezoekersRegistratie.bpel</file>
      <name>BezoekersRegistratie.bpel</name>
      <fix>Add function definition for this function "upper-case" to the validator</fix>
      <msg>Unknown function "upper-case" used in &lt;bpel:from></msg>
   </Fault>
   <Fault>
      <severity>warning</severity>
      <loc/>
      <line>119</line>
      <col/>
      <file>Afmelden.bpel</file>
      <name>Afmelden.bpel</name>
      <fix>Make sure that the expression in &lt;bpel:condition> is a boolean expression.</fix>
      <msg>The expression $ophalenActieveRegistratie_OutputVariable.parame ... in &lt;bpel:condition> is not a boolean expression.</msg>
   </Fault>
   <Fault>
      <severity>warning</severity>
      <loc/>
      <line>205</line>
      <col/>
      <file>RegistrerenBezoekersrecht.bpel</file>
      <name>RegistrerenBezoekersrecht.bpel</name>
      <fix>Add a predicate to select an element from the sequence.</fix>
      <msg>The XPath segment "child::ns4:object" selects a sequence of elements - a predicate MAY be needed to correctly select an element.</msg>
   </Fault>
   <Fault>
      <severity>warning</severity>
      <loc/>
      <line>205</line>
      <col/>
      <file>RegistrerenBezoekersrecht.bpel</file>
      <name>RegistrerenBezoekersrecht.bpel</name>
      <fix>Add a predicate to select an element from the sequence.</fix>
      <msg>The XPath segment "child::ns4:inp.verblijftIn" selects a sequence of elements - a predicate MAY be needed to correctly select an element.</msg>
   </Fault>
   <Fault>
      <severity>warning</severity>
      <loc/>
      <line>209</line>
      <col/>
      <file>RegistrerenBezoekersrecht.bpel</file>
      <name>RegistrerenBezoekersrecht.bpel</name>
      <fix>Add a predicate to select an element from the sequence.</fix>
      <msg>The XPath segment "child::ns4:object" selects a sequence of elements - a predicate MAY be needed to correctly select an element.</msg>
   </Fault>
   <Fault>
      <severity>warning</severity>
      <loc/>
      <line>209</line>
      <col/>
      <file>RegistrerenBezoekersrecht.bpel</file>
      <name>RegistrerenBezoekersrecht.bpel</name>
      <fix>Add a predicate to select an element from the sequence.</fix>
      <msg>The XPath segment "child::ns4:inp.verblijftIn" selects a sequence of elements - a predicate MAY be needed to correctly select an element.</msg>
   </Fault>
   <Fault>
      <severity>warning</severity>
      <loc/>
      <line/>
      <col/>
      <file>BezoekersparkerenMediator.mplan</file>
      <name>BezoekersparkerenMediator.mplan</name>
      <fix/>
      <msg>Operation\Event "OphalenBezoekersrecht" does not contain case. No operation\event will be executed\processed respectively.</msg>
   </Fault>
   <Fault>
      <severity>warning</severity>
      <loc/>
      <line/>
      <col/>
      <file>BezoekersparkerenMediator.mplan</file>
      <name>BezoekersparkerenMediator.mplan</name>
      <fix/>
      <msg>Case "ValidatieAanvraagBezoekersrecht.validatieaanvraagbezoekersrecht_client.OphalenParkeerrechten" doesnt have any payload transformation Please make sure source and target message part name are same and of same type. Otherwise, target reference may fail to execute with error message like "Input sourcelike Null" or "Part not found"</msg>
   </Fault>
   <Fault>
      <severity>warning</severity>
      <loc/>
      <line/>
      <col/>
      <file>BezoekersparkerenMediator.mplan</file>
      <name>BezoekersparkerenMediator.mplan</name>
      <fix/>
      <msg>Case "BezoekersRegistratie.bezoekersregistratie_client.AanmeldenKenteken" doesnt have any payload transformation Please make sure source and target message part name are same and of same type. Otherwise, target reference may fail to execute with error message like "Input sourcelike Null" or "Part not found"</msg>
   </Fault>
   <Fault>
      <severity>warning</severity>
      <loc/>
      <line/>
      <col/>
      <file>BezoekersparkerenMediator.mplan</file>
      <name>BezoekersparkerenMediator.mplan</name>
      <fix/>
      <msg>Case "Afmelden.afmelden_client.AfmeldenKenteken_2" doesnt have any payload transformation Please make sure source and target message part name are same and of same type. Otherwise, target reference may fail to execute with error message like "Input sourcelike Null" or "Part not found"</msg>
   </Fault>
   <Fault>
      <severity>warning</severity>
      <loc/>
      <line/>
      <col/>
      <file>BezoekersparkerenMediator.mplan</file>
      <name>BezoekersparkerenMediator.mplan</name>
      <fix/>
      <msg>Case "MuterenEindtijd.mutereneindtijd_client.MuterenEindtijdRegistratie" doesnt have any payload transformation Please make sure source and target message part name are same and of same type. Otherwise, target reference may fail to execute with error message like "Input sourcelike Null" or "Part not found"</msg>
   </Fault>
   <Fault>
      <severity>warning</severity>
      <loc/>
      <line/>
      <col/>
      <file>BezoekersparkerenMediator.mplan</file>
      <name>BezoekersparkerenMediator.mplan</name>
      <fix/>
      <msg>Case "RegistrerenBezoekersrecht.registrerenbezoekersrecht_client.RegistrerenBezoekersrecht" doesnt have any payload transformation Please make sure source and target message part name are same and of same type. Otherwise, target reference may fail to execute with error message like "Input sourcelike Null" or "Part not found"</msg>
   </Fault>
   <Fault>
      <severity>warning</severity>
      <loc/>
      <line/>
      <col/>
      <file>BezoekersparkerenMediator.mplan</file>
      <name>BezoekersparkerenMediator.mplan</name>
      <fix/>
      <msg>Case "ValidatieAanvraagBezoekersrecht.validatieaanvraagbezoekersrecht_client.ValidatieAanvraagBezoekersrecht" doesnt have any payload transformation Please make sure source and target message part name are same and of same type. Otherwise, target reference may fail to execute with error message like "Input sourcelike Null" or "Part not found"</msg>
   </Fault>
   <Fault>
      <severity>warning</severity>
      <loc/>
      <line/>
      <col/>
      <file>BezoekersparkerenMediator.mplan</file>
      <name>BezoekersparkerenMediator.mplan</name>
      <fix/>
      <msg>Case "MuterenBezoekersRecht.muterenbezoekersrecht_client.MuterenBezoekersRecht" doesnt have any payload transformation Please make sure source and target message part name are same and of same type. Otherwise, target reference may fail to execute with error message like "Input sourcelike Null" or "Part not found"</msg>
   </Fault>
   <Fault>
      <severity>warning</severity>
      <loc/>
      <line>123</line>
      <col/>
      <file>MuterenEindtijd.bpel</file>
      <name>MuterenEindtijd.bpel</name>
      <fix>Make sure that the expression in &lt;bpel:condition> is a boolean expression.</fix>
      <msg>The expression $OphalenRegistrtaie_ophalenActieveRegistratie_Ou ... in &lt;bpel:condition> is not a boolean expression.</msg>
   </Fault>
   <Fault>
      <severity>warning</severity>
      <loc/>
      <line>2</line>
      <col>16</col>
      <file>fault-policies.xml</file>
      <name>fault-policies.xml</name>
      <fix/>
      <msg>schema -  (Error) Can not find definition for element 'faultPolicies'</msg>
   </Fault>
</Faults>
