<?xml version = '1.0' encoding = 'UTF-8'?>
<s0:addStreetParkingRightRequest xmlns:s0="urn:parkmobile-com:prdb:parkingrightservice:messages:v1">
   <s0:message500>
      <s1:systemMsg xmlns:s1="urn:parkmobile-com:prdb:parkingrightservice:metadata:v1">
         <s1:systeemCode>eLok330</s1:systeemCode>
         <s1:transactionNr>10</s1:transactionNr>
         <s1:checkKey>LnsDPr1+LgT2Dovy0O1kcQ==</s1:checkKey>
      </s1:systemMsg>
      <s1:streetParking xmlns:s1="urn:parkmobile-com:prdb:parkingrightservice:metadata:v1">
         <s1:zoneCode>41</s1:zoneCode>
         <s1:productCode>3318</s1:productCode>
         <s1:startDateTime>2016-12-16T11:32:55.886</s1:startDateTime>
         <s1:endDateTime>2016-12-16T11:32:55.887</s1:endDateTime>
         <s1:identification>
            <s1:vrn>kenteken2</s1:vrn>
         </s1:identification>
      </s1:streetParking>
   </s0:message500>
</s0:addStreetParkingRightRequest>
