<?xml version = '1.0' encoding = 'UTF-8'?>
<tns:OphalenBundelsResponse xmlns:tns="http://www.haarlem.nl/services/Bezoekersparkeren/">
   <tns:bundels>
      <tns:bundel>
         <tns:bedrag>25</tns:bedrag>
      </tns:bundel>
      <tns:bundel>
         <tns:bedrag>50</tns:bedrag>
      </tns:bundel>
      <tns:bundel>
         <tns:bedrag>75</tns:bedrag>
      </tns:bundel>
      <tns:bundel>
         <tns:bedrag>100</tns:bedrag>
      </tns:bundel>
      <tns:bundel>
         <tns:bedrag>125</tns:bedrag>
      </tns:bundel>
   </tns:bundels>
</tns:OphalenBundelsResponse>
