<?xml version="1.0" encoding="UTF-8"?>
<SOAConfigPlan xmlns:jca="http://platform.integration.oracle/blocks/adapter/fw/metadata" xmlns:wsp="http://schemas.xmlsoap.org/ws/2004/09/policy" xmlns:orawsp="http://schemas.oracle.com/ws/2006/01/policy" xmlns:edl="http://schemas.oracle.com/events/edl" xmlns="http://schemas.oracle.com/soa/configplan">
   <composite name="Bezoekersparkeren">
      <!--Add search and replace rules for the import section of a composite
	Example:
	<searchReplace>
		<search>http://my-dev-server</search>
		<replace>http://my-test-server</replace>
	<searchReplace>
	<searchReplace>
		<search>8888</search>
		<replace>8889</replace>
	<searchReplace>-->
      <import>
         <searchReplace>
            <search/>
            <replace/>
         </searchReplace>
      </import>
      <service name="Bezoekersparkeren">
         <!--Add search and replace rules for the binding properties-->
         <binding type="ws">
            <attribute name="port">
               <replace>http://www.haarlem.nl/services/Bezoekersparkeren/#wsdl.endpoint(Bezoekersparkeren_2/Bezoekersparkeren_pt)</replace>
            </attribute>
            <property name="weblogic.wsee.wsat.transaction.flowOption">
               <replace>NEVER</replace>
            </property>
         </binding>
      </service>
      <property name="productVersion">
         <replace>11.1.1.7.8</replace>
      </property>
      <!--Add search and replace rules for the component properties
	For components and service/reference bindings, you can add policy references.
	Example:
	<component name="*">
		<wsp:PolicyReference orawsp:category="management" orawsp:status="enabled" URI="oracle/log_policy"/>
	</component>-->
      <component name="VerzamelBundels">
         <property name="bpel.config.transaction">
            <replace>required</replace>
         </property>
         <property name="bpel.config.oneWayDeliveryPolicy">
            <replace>async.persist</replace>
         </property>
      </component>
      <component name="BezoekersRegistratie">
         <property name="bpel.config.transaction">
            <replace>required</replace>
         </property>
         <property name="bpel.config.oneWayDeliveryPolicy">
            <replace>async.persist</replace>
         </property>
      </component>
      <component name="BepalenBeginTijdBezoekersRegistratie">
         <property name="bpel.config.transaction">
            <replace>required</replace>
         </property>
         <property name="bpel.config.oneWayDeliveryPolicy">
            <replace>async.persist</replace>
         </property>
      </component>
      <reference name="ParkeerrechtenSessionEJBBeanService">
         <!--Add search and replace rules for the binding properties-->
         <binding type="ws">
            <attribute name="port">
               <replace>http://parkeerrechten.services.haarlem.nl/#wsdl.endpoint(ParkeerrechtenSessionEJBBeanService/ParkeerrechtenServicePort)</replace>
            </attribute>
            <attribute name="location">
               <replace>ParkeerrechtenSessionEJBBeanService.wsdl</replace>
            </attribute>
            <property name="weblogic.wsee.wsat.transaction.flowOption">
               <replace>WSDLDriven</replace>
            </property>
         </binding>
      </reference>
      <reference name="Lynxx">
         <!--Add search and replace rules for the binding properties-->
         <binding type="ws">
            <attribute name="port">
               <replace>urn:parkmobile-com:prdb1:parkingrightservice:incidental:v1#wsdl.endpoint(IncidentalParkingRightServicePort/IncidentalParkingRightServicePortSoap12)</replace>
            </attribute>
            <attribute name="location">
               <replace>IncidentalParkingRightService.wsdl</replace>
            </attribute>
            <property name="weblogic.wsee.wsat.transaction.flowOption">
               <replace>WSDLDriven</replace>
            </property>
         </binding>
         <binding type="ws">
            <attribute name="port">
               <replace>urn:parkmobile-com:prdb1:parkingrightservice:incidental:v1#wsdl.endpoint(IncidentalParkingRightServicePort/IncidentalParkingRightServicePortSoap)</replace>
            </attribute>
            <attribute name="location">
               <replace>IncidentalParkingRightService.wsdl</replace>
            </attribute>
            <property name="weblogic.wsee.wsat.transaction.flowOption">
               <replace>WSDLDriven</replace>
            </property>
         </binding>
      </reference>
      <reference name="WebSocketReference">
         <!--Add search and replace rules for the binding properties-->
         <binding type="ws">
            <attribute name="port">
               <replace>http://websocket.haarlem.nl/#wsdl.endpoint(WebsocketSessionEJBBeanService/WebsocketSessionEJBBeanServicePort)</replace>
            </attribute>
            <attribute name="location">
               <replace>WebSocketClient.wsdl</replace>
            </attribute>
            <property name="weblogic.wsee.wsat.transaction.flowOption">
               <replace>WSDLDriven</replace>
            </property>
         </binding>
      </reference>
   </composite>
   <!--To configure monitor.config: 
	<property name="enabled"><replace>true</replace></property>
	<property name="dataObjectsFolder"><searchReplace><search>mydev</search><replace>myproduction</replace></searchReplace></property>
	
	sample properties to configure for adapter: 
	<jca:property name="QueueName"><replace>medmq1</replace></jca:property>
	
	To add search and replace rules for wsdls, xsd and jca files
	Example:
	<searchReplace>
		<search>http://my-dev-server</search>
		<replace>http://my-test-server</replace>
	<searchReplace>
	<searchReplace>
		<search>8888</search>
		<replace>8889</replace>
	<searchReplace>
	-->
   <wsdlAndSchema name="Bezoekersparkeren.wsdl|BezoekersparkerenWrapper.wsdl|BezoekersparkerenWrapper1.wsdl|BezoekersparkerenWrapper2.wsdl|BezoekersRegistratie_properties.wsdl|IncidentalParkingRightService.wsdl|IncidentalParkingRightServiceWrapper.wsdl|ParkeerrechtenSessionEJBBeanService.wsdl|ParkeerrechtenSessionEJBBeanServiceWrapper.wsdl|ParkeerrechtenSessionEJBBeanServiceWrapper1.wsdl|WebSocketClient.wsdl|WebSocketClientWrapper.wsdl|xsd/Bezoekersparkeren.xsd|xsd/WebSocketClient.xsd">
      <searchReplace>
         <search/>
         <replace/>
      </searchReplace>
   </wsdlAndSchema>
</SOAConfigPlan>
