<?xml version="1.0" encoding="windows-1252" ?>
<faultPolicies>
  <faultPolicy version="2.0.1" id="CRM_ServiceFaults">
    <Conditions>
      <faultName xmlns:medns="http://schemas.oracle.com/mediator/faults" name="medns:mediatorFault">
        <condition>
         <test>contains($fault.mediatorErrorCode, "TYPE_FATAL_MESH")</test>
          <action ref="ora-action-termination"/>
        </condition>
      </faultName>
     </Conditions>
    <Actions>
        <Action id="ora-retry">
          <retry>
            <retryCount>3</retryCount>
            <retryInterval>2</retryInterval>
            <exponentialBackoff/>
            <retryFailureAction ref="ora-java"/>
            <retrySuccessAction ref="ora-terminate"/>
          </retry>
        </Action>
    </Actions>
     <Action id="ora-action-termination">
            <abort/>
        </Action>
        <Action id="ora-action-human-intervention">
            <humanIntervention/>
        </Action>
  </faultPolicy>
</faultPolicies>