<?xml version="1.0" encoding="UTF-8"?>
<SOAConfigPlan xmlns:jca="http://platform.integration.oracle/blocks/adapter/fw/metadata" xmlns:wsp="http://schemas.xmlsoap.org/ws/2004/09/policy" xmlns:orawsp="http://schemas.oracle.com/ws/2006/01/policy" xmlns:edl="http://schemas.oracle.com/events/edl" xmlns="http://schemas.oracle.com/soa/configplan">
   <composite name="Bezoekersparkeren">
      <service name="Bezoekersparkeren">
         <!--Add search and replace rules for the binding properties-->
         <binding type="ws">
            <attribute name="port">
               <replace>http://www.haarlem.nl/services/Bezoekersparkeren/#wsdl.endpoint(Bezoekersparkeren_2/Bezoekersparkeren_pt)</replace>
            </attribute>
            <property name="weblogic.wsee.wsat.transaction.flowOption">
               <replace>NEVER</replace>
            </property>
         </binding>
      </service>
      <property name="productVersion">
         <replace>11.1.1.7.8</replace>
      </property>
      <component name="BezoekersRegistratie">
         <property name="bpel.config.transaction">
            <replace>requiredNew</replace>
         </property>
         <property name="bpel.config.oneWayDeliveryPolicy">
            <replace>async.persist</replace>
         </property>
      </component>
      <component name="MuterenEindtijd">
         <property name="bpel.config.transaction">
            <replace>required</replace>
         </property>
         <property name="bpel.config.oneWayDeliveryPolicy">
            <replace>async.persist</replace>
         </property>
      </component>
      <component name="RegistrerenBezoekersrecht">
         <property name="bpel.config.transaction">
            <replace>required</replace>
         </property>
         <property name="bpel.config.oneWayDeliveryPolicy">
            <replace>async.persist</replace>
         </property>
      </component>
      <component name="Afmelden">
         <property name="bpel.config.transaction">
            <replace>required</replace>
         </property>
         <property name="bpel.config.oneWayDeliveryPolicy">
            <replace>async.persist</replace>
         </property>
      </component>
      <component name="ValidatieAanvraagBezoekersrecht">
         <property name="bpel.config.transaction">
            <replace>required</replace>
         </property>
         <property name="bpel.config.oneWayDeliveryPolicy">
            <replace>async.persist</replace>
         </property>
      </component>
      <reference name="ParkeerrechtenSessionEJBBeanService">
         <!--Add search and replace rules for the binding properties-->
         <binding type="ws">
            <attribute name="port">
               <replace>http://parkeerrechten.services.haarlem.nl/#wsdl.endpoint(ParkeerrechtenSessionEJBBeanService/ParkeerrechtenServicePort)</replace>
            </attribute>
            <attribute name="location">
               <replace>ParkeerrechtenSessionEJBBeanService.wsdl</replace>
            </attribute>
            <property name="weblogic.wsee.wsat.transaction.flowOption">
               <replace>WSDLDriven</replace>
            </property>
         </binding>
      </reference>
      <reference name="Lynxx">
         <!--Add search and replace rules for the binding properties-->
         <binding type="ws">
            <attribute name="port">
               <replace>urn:parkmobile-com:prdb1:parkingrightservice:incidental:v1#wsdl.endpoint(IncidentalParkingRightServicePort/IncidentalParkingRightServicePortSoap12)</replace>
            </attribute>
            <attribute name="location">
               <replace>IncidentalParkingRightService.wsdl</replace>
            </attribute>
            <property name="weblogic.wsee.wsat.transaction.flowOption">
               <replace>WSDLDriven</replace>
            </property>
         </binding>
         <binding type="ws">
            <attribute name="port">
               <replace>urn:parkmobile-com:prdb1:parkingrightservice:incidental:v1#wsdl.endpoint(IncidentalParkingRightServicePort/IncidentalParkingRightServicePortSoap)</replace>
            </attribute>
            <attribute name="location">
               <replace>IncidentalParkingRightService.wsdl</replace>
            </attribute>
            <property name="weblogic.wsee.wsat.transaction.flowOption">
               <replace>WSDLDriven</replace>
            </property>
         </binding>
      </reference>
      <reference name="WebSocketReference">
         <!--Add search and replace rules for the binding properties-->
         <binding type="ws">
            <attribute name="port">
               <replace>http://websocket.haarlem.nl/#wsdl.endpoint(WebsocketSessionEJBBeanService/WebsocketSessionEJBBeanServicePort)</replace>
            </attribute>
            <attribute name="location">
               <replace>WebSocketClient.wsdl</replace>
            </attribute>
            <property name="weblogic.wsee.wsat.transaction.flowOption">
               <replace>WSDLDriven</replace>
            </property>
         </binding>
      </reference>
      <reference name="DroolsBusinessRules">
         <!--Add search and replace rules for the binding properties-->
         <binding type="ws">
            <attribute name="port">
               <replace>http://businessrulesservice/#wsdl.endpoint(DroolsSessionEJBBeanService/DroolsSessionEJBBeanServicePort)</replace>
            </attribute>
            <attribute name="location">
               <replace>DroolsSessionEJBBeanService.wsdl</replace>
            </attribute>
            <property name="weblogic.wsee.wsat.transaction.flowOption">
               <replace>WSDLDriven</replace>
            </property>
         </binding>
      </reference>
      <reference name="HlmUtilServices">
         <!--Add search and replace rules for the binding properties-->
         <binding type="ws">
            <attribute name="port">
               <replace>http://zbb.scan.services.haarlem.nl/#wsdl.endpoint(HlmUtilServices/HlmUtilServicesPort)</replace>
            </attribute>
            <attribute name="location">
               <replace>HlmUtilServices.wsdl</replace>
            </attribute>
            <property name="weblogic.wsee.wsat.transaction.flowOption">
               <replace>WSDLDriven</replace>
            </property>
         </binding>
      </reference>
      <reference name="bg0310_Service">
         <!--Add search and replace rules for the binding properties-->
         <binding type="ws">
            <attribute name="port">
               <replace>http://www.egem.nl/StUF/sector/bg/0310#wsdl.endpoint(BeantwoordVraag/BeantwoordVraag)</replace>
            </attribute>
            <attribute name="location">
               <replace>bg0310_beantwoordVraag.wsdl</replace>
            </attribute>
            <property name="weblogic.wsee.wsat.transaction.flowOption">
               <replace>WSDLDriven</replace>
            </property>
         </binding>
      </reference>
      
   </composite>
   <wsdlAndSchema name="ParkeerrechtenSessionEJBBeanService.wsdl|WebSocketClient.wsdl|bg0310_beantwoordVraag.wsdl|OpenDataClientWS.wsdl|ValidationServices.wsdl">
      <!--<searchReplace>
         <search>http://wohso.ssc.lan:8011/StUF-BG/proxy/StUF-BG0310-beantwoordVraag</search>
         <replace>https://wphso.ssc.lan:8012/StUF-BG/proxy/StUF-BG0310-beantwoordVraag</replace>
      </searchReplace>-->
       <searchReplace>
         <search>http://wohso.ssc.lan:8011/StUF-BG/proxy/StUF-BG0310-beantwoordVraag</search>
         <replace>http://wthso.ssc.lan:8011/StUF-BG/proxy/StUF-BG0310-beantwoordVraag</replace>
      </searchReplace>
      <searchReplace>
         <search>http://10.131.0.84:7001/WebsocketSessionEJBBean/WebsocketSessionEJBBeanService</search>
         <replace>http://slrp024.ssc.lan:8080/WebsocketSessionEJBBean/WebsocketSessionEJBBeanService</replace>
      </searchReplace>
      <searchReplace>
         <search>http://localhost:7101/EJB-ParkeerrechtenDB-webapp/ParkeerrechtenSessionEJBBeanService</search>
         <replace>http://wthso.ssc.lan:8001/ParkeerrechtenSessionEJBBean/ParkeerrechtenSessionEJBBeanService</replace>
      </searchReplace>
       <searchReplace>
         <search>http://localhost:7101/OpenDataClientWS/OpenDataClientServicePort</search>
         <replace>http://wohso.ssc.lan:8001/OpenDataClientWS/OpenDataClientServicePort</replace>
      </searchReplace><searchReplace>
         <search>http://localhost:7101/ValidationServices/ValidationServicePort</search>
         <replace>http://wthso.ssc.lan:8001/ValidationServices/ValidationServicePort</replace>
      </searchReplace>
   </wsdlAndSchema>
</SOAConfigPlan>
