<?xml version="1.0" encoding="UTF-8" ?>
<!-- Generated by Oracle SOA Modeler version 11.1.1.7.8 at [12/7/16 9:53 AM]. -->
<composite name="Bezoekersparkeren"
           revision="1.4"
           label="2016-12-07_09-53-21_316"
           mode="active"
           state="on"
           xmlns="http://xmlns.oracle.com/sca/1.0"
           xmlns:xs="http://www.w3.org/2001/XMLSchema"
           xmlns:wsp="http://schemas.xmlsoap.org/ws/2004/09/policy"
           xmlns:orawsp="http://schemas.oracle.com/ws/2006/01/policy"
           xmlns:ui="http://xmlns.oracle.com/soa/designer/">
  <import namespace="http://www.haarlem.nl/services/Bezoekersparkeren/"
          location="Bezoekersparkeren.wsdl" importType="wsdl"/>
  <import namespace="http://www.haarlem.nl/services/Bezoekersparkeren/"
          location="BezoekersparkerenWrapper1.wsdl" importType="wsdl"/>
  <import namespace="http://parkeerrechten.services.haarlem.nl/"
          location="ParkeerrechtenSessionEJBBeanServiceWrapper1.wsdl"
          importType="wsdl"/>
  <import namespace="http://parkeerrechten.services.haarlem.nl/"
          location="ParkeerrechtenSessionEJBBeanService.wsdl"
          importType="wsdl"/>
  <import namespace="urn:parkmobile-com:prdb1:parkingrightservice:incidental:v1"
          location="IncidentalParkingRightService.wsdl" importType="wsdl"/>
  <import namespace="urn:parkmobile-com:prdb1:parkingrightservice:incidental:v1"
          location="IncidentalParkingRightServiceWrapper.wsdl"
          importType="wsdl"/>
  <import namespace="http://websocket.haarlem.nl/"
          location="WebSocketClient.wsdl" importType="wsdl"/>
  <import namespace="http://websocket.haarlem.nl/"
          location="WebSocketClientWrapper.wsdl" importType="wsdl"/>
  <import namespace="http://businessrulesservice/"
          location="DroolsSessionEJBBeanService.wsdl" importType="wsdl"/>
  <import namespace="http://businessrulesservice/"
          location="DroolsSessionEJBBeanServiceWrapper.wsdl" importType="wsdl"/>
  <import namespace="http://www.haarlem.nl/services/Bezoekersparkeren/"
          location="BezoekersparkerenWrapper3.wsdl" importType="wsdl"/>
  <import namespace="http://parkeerrechten.services.haarlem.nl/"
          location="ParkeerrechtenSessionEJBBeanServiceWrapper3.wsdl"
          importType="wsdl"/>
  <import namespace="http://www.haarlem.nl/services/Bezoekersparkeren/"
          location="BezoekersparkerenWrapper4.wsdl" importType="wsdl"/>
  <import namespace="http://parkeerrechten.services.haarlem.nl/"
          location="ParkeerrechtenSessionEJBBeanServiceWrapper4.wsdl"
          importType="wsdl"/>
  <import namespace="http://www.haarlem.nl/services/Bezoekersparkeren/"
          location="BezoekersparkerenWrapper.wsdl" importType="wsdl"/>
  <import namespace="http://parkeerrechten.services.haarlem.nl/"
          location="ParkeerrechtenSessionEJBBeanServiceWrapper5.wsdl"
          importType="wsdl"/>
  <import namespace="http://www.haarlem.nl/services/Bezoekersparkeren/"
          location="BezoekersparkerenWrapper5.wsdl" importType="wsdl"/>
  <import namespace="http://websocket.haarlem.nl/"
          location="WebSocketClientWrapper3.wsdl" importType="wsdl"/>
  <import namespace="http://zbb.scan.services.haarlem.nl/"
          location="HlmUtilServices.wsdl" importType="wsdl"/>
  <import namespace="http://zbb.scan.services.haarlem.nl/"
          location="HlmUtilServicesWrapper.wsdl" importType="wsdl"/>
  <import namespace="http://www.egem.nl/StUF/sector/bg/0310"
          location="bg0310_beantwoordVraag.wsdl" importType="wsdl"/>
  <import namespace="http://www.egem.nl/StUF/sector/bg/0310"
          location="bg0310_beantwoordVraagWrapper.wsdl" importType="wsdl"/>
  <import namespace="http://xmlns.oracle.com/pcbpel/adapter/http/Haarlem/Bezoekersparkeren/httpParkeerZoneByPostCode"
          location="httpParkeerZoneByPostCode.wsdl" importType="wsdl"/>
  <import namespace="http://opendata.services.haarlem.nl/"
          location="OpenDataClientWS.wsdl"
          importType="wsdl"/>
  <import namespace="http://www.haarlem.nl/services/Bezoekersparkeren/"
          location="BezoekersparkerenWrapper2.wsdl" importType="wsdl"/>
  <import namespace="http://www.haarlem.nl/services/Bezoekersparkeren/"
          location="BezoekersparkerenWrapper6.wsdl" importType="wsdl"/>
  <import namespace="http://parkeerrechten.services.haarlem.nl/"
          location="ParkeerrechtenSessionEJBBeanServiceWrapper2.wsdl"
          importType="wsdl"/>
  <import namespace="http://opendata.services.haarlem.nl/"
          location="OpenDataClientServiceWrapper.wsdl" importType="wsdl"/>
  <service name="Bezoekersparkeren"
           ui:wsdlLocation="Bezoekersparkeren.wsdl">
    <interface.wsdl interface="http://www.haarlem.nl/services/Bezoekersparkeren/#wsdl.interface(Bezoekersparkeren)"/>
    <binding.ws port="http://www.haarlem.nl/services/Bezoekersparkeren/#wsdl.endpoint(Bezoekersparkeren_2/Bezoekersparkeren_pt)">
      <property name="weblogic.wsee.wsat.transaction.flowOption"
                type="xs:string" many="false">NEVER</property>
    </binding.ws>
  </service>
  <property name="productVersion" type="xs:string" many="false">11.1.1.7.8</property>
  <property name="oracle.composite.faultPolicyFile">fault-policies.xml</property>
  <property name="oracle.composite.faultBindingFile">fault-bindings.xml</property> 
  <component name="BezoekersparkerenMediator">
    <implementation.mediator src="BezoekersparkerenMediator.mplan"/>
  </component>
  <component name="BezoekersRegistratie" version="2.0">
    <implementation.bpel src="BezoekersRegistratie.bpel"/>
    <property name="bpel.config.transaction" type="xs:string" many="false">requiredNew</property>
    <property name="bpel.config.oneWayDeliveryPolicy" type="xs:string"
              many="false">async.persist</property>
  </component>
  <component name="MuterenEindtijd" version="2.0">
    <implementation.bpel src="MuterenEindtijd.bpel"/>
    <property name="bpel.config.transaction" type="xs:string" many="false">required</property>
    <property name="bpel.config.oneWayDeliveryPolicy" type="xs:string"
              many="false">async.persist</property>
  </component>
  <component name="RegistrerenBezoekersrecht" version="2.0">
    <implementation.bpel src="RegistrerenBezoekersrecht.bpel"/>
    <property name="bpel.config.transaction" type="xs:string" many="false">required</property>
    <property name="bpel.config.oneWayDeliveryPolicy" type="xs:string"
              many="false">async.persist</property>
  </component>
  <component name="Afmelden" version="2.0">
    <implementation.bpel src="Afmelden.bpel"/>
    <property name="bpel.config.transaction" type="xs:string" many="false">required</property>
    <property name="bpel.config.oneWayDeliveryPolicy" type="xs:string"
              many="false">async.persist</property>
  </component>
  <component name="ValidatieAanvraagBezoekersrecht" version="2.0">
    <implementation.bpel src="ValidatieAanvraagBezoekersrecht.bpel"/>
    <property name="bpel.config.transaction" type="xs:string" many="false">required</property>
    <property name="bpel.config.oneWayDeliveryPolicy" type="xs:string"
              many="false">async.persist</property>
  </component>
  <component name="MuterenBezoekersRecht" version="1.1">
    <implementation.bpel src="MuterenBezoekersRecht.bpel"/>
    <property name="bpel.config.transaction" type="xs:string" many="false">required</property>
    <property name="bpel.config.oneWayDeliveryPolicy" type="xs:string"
              many="false">async.persist</property>
  </component>
  <reference name="ParkeerrechtenSessionEJBBeanService"
             ui:wsdlLocation="ParkeerrechtenSessionEJBBeanService.wsdl">
    <interface.wsdl interface="http://parkeerrechten.services.haarlem.nl/#wsdl.interface(ParkeerrechtenService)"/>
    <binding.ws port="http://parkeerrechten.services.haarlem.nl/#wsdl.endpoint(ParkeerrechtenSessionEJBBeanService/ParkeerrechtenServicePort)"
                location="ParkeerrechtenSessionEJBBeanService.wsdl"
                soapVersion="1.1">
      <property name="weblogic.wsee.wsat.transaction.flowOption"
                type="xs:string" many="false">WSDLDriven</property>
    </binding.ws>
  </reference>
  <reference name="Lynxx" ui:wsdlLocation="IncidentalParkingRightService.wsdl">
    <interface.wsdl interface="urn:parkmobile-com:prdb1:parkingrightservice:incidental:v1#wsdl.interface(IncidentalParkingRightServicePortSoap)"/>
    <binding.ws port="urn:parkmobile-com:prdb1:parkingrightservice:incidental:v1#wsdl.endpoint(IncidentalParkingRightServicePort/IncidentalParkingRightServicePortSoap12)"
                location="IncidentalParkingRightService.wsdl"
                soapVersion="1.2">
      <property name="weblogic.wsee.wsat.transaction.flowOption"
                type="xs:string" many="false">WSDLDriven</property>
    </binding.ws>
    <binding.ws port="urn:parkmobile-com:prdb1:parkingrightservice:incidental:v1#wsdl.endpoint(IncidentalParkingRightServicePort/IncidentalParkingRightServicePortSoap)"
                location="IncidentalParkingRightService.wsdl"
                soapVersion="1.1">
      <property name="weblogic.wsee.wsat.transaction.flowOption"
                type="xs:string" many="false">WSDLDriven</property>
    </binding.ws>
  </reference>
  <reference name="WebSocketReference" ui:wsdlLocation="WebSocketClient.wsdl">
    <interface.wsdl interface="http://websocket.haarlem.nl/#wsdl.interface(WebsocketSessionEJBBeanService)"/>
    <binding.ws port="http://websocket.haarlem.nl/#wsdl.endpoint(WebsocketSessionEJBBeanService/WebsocketSessionEJBBeanServicePort)"
                location="WebSocketClient.wsdl" soapVersion="1.1">
      <property name="weblogic.wsee.wsat.transaction.flowOption"
                type="xs:string" many="false">WSDLDriven</property>
    </binding.ws>
  </reference>
  <reference name="DroolsBusinessRules"
             ui:wsdlLocation="DroolsSessionEJBBeanService.wsdl">
    <interface.wsdl interface="http://businessrulesservice/#wsdl.interface(DroolsSessionEJBBeanService)"/>
    <binding.ws port="http://businessrulesservice/#wsdl.endpoint(DroolsSessionEJBBeanService/DroolsSessionEJBBeanServicePort)"
                location="DroolsSessionEJBBeanService.wsdl" soapVersion="1.1">
      <property name="weblogic.wsee.wsat.transaction.flowOption"
                type="xs:string" many="false">WSDLDriven</property>
    </binding.ws>
  </reference>
  <reference name="HlmUtilServices" ui:wsdlLocation="HlmUtilServices.wsdl">
    <interface.wsdl interface="http://zbb.scan.services.haarlem.nl/#wsdl.interface(HlmUtilServices)"/>
    <binding.ws port="http://zbb.scan.services.haarlem.nl/#wsdl.endpoint(HlmUtilServices/HlmUtilServicesPort)"
                location="HlmUtilServices.wsdl" soapVersion="1.1">
      <property name="weblogic.wsee.wsat.transaction.flowOption"
                type="xs:string" many="false">WSDLDriven</property>
    </binding.ws>
  </reference>
  <reference name="bg0310_Service"
             ui:wsdlLocation="bg0310_beantwoordVraag.wsdl">
    <interface.wsdl interface="http://www.egem.nl/StUF/sector/bg/0310#wsdl.interface(BeantwoordVraag)"/>
    <binding.ws port="http://www.egem.nl/StUF/sector/bg/0310#wsdl.endpoint(BeantwoordVraag/BeantwoordVraag)"
                location="bg0310_beantwoordVraag.wsdl" soapVersion="1.1">
      <property name="weblogic.wsee.wsat.transaction.flowOption"
                type="xs:string" many="false">WSDLDriven</property>
    </binding.ws>
  </reference>
  <reference name="ParkeerZoneByPostcode"
             ui:wsdlLocation="OpenDataClientWS.wsdl">
    <interface.wsdl interface="http://opendata.services.haarlem.nl/#wsdl.interface(OpenDataClientService)"/>
    <binding.ws port="http://opendata.services.haarlem.nl/#wsdl.endpoint(OpenDataClientService/OpenDataClientServicePort)"
                location="OpenDataClientWS.wsdl"
                soapVersion="1.1">
      <property name="weblogic.wsee.wsat.transaction.flowOption"
                type="xs:string" many="false">WSDLDriven</property>
    </binding.ws>
  </reference>
  <wire>
    <source.uri>Bezoekersparkeren</source.uri>
    <target.uri>BezoekersparkerenMediator/BezoekersparkerenMediator</target.uri>
  </wire>
  <wire>
    <source.uri>BezoekersRegistratie/ParkeerrechtenSessionEJBBeanService</source.uri>
    <target.uri>ParkeerrechtenSessionEJBBeanService</target.uri>
  </wire>
  <wire>
    <source.uri>BezoekersparkerenMediator/ParkeerrechtenSessionEJBBeanService</source.uri>
    <target.uri>ParkeerrechtenSessionEJBBeanService</target.uri>
  </wire>
  <wire>
    <source.uri>BezoekersRegistratie/Lynxx</source.uri>
    <target.uri>Lynxx</target.uri>
  </wire>
  <wire>
    <source.uri>BezoekersRegistratie/WebSocketReference</source.uri>
    <target.uri>WebSocketReference</target.uri>
  </wire>
  <wire>
    <source.uri>BezoekersRegistratie/DroolsBusinessRules</source.uri>
    <target.uri>DroolsBusinessRules</target.uri>
  </wire>
  <wire>
    <source.uri>BezoekersparkerenMediator/MuterenEindtijd.mutereneindtijd_client</source.uri>
    <target.uri>MuterenEindtijd/mutereneindtijd_client</target.uri>
  </wire>
  <wire>
    <source.uri>MuterenEindtijd/ParkeerrechtenSessionEJBBeanService</source.uri>
    <target.uri>ParkeerrechtenSessionEJBBeanService</target.uri>
  </wire>
  <wire>
    <source.uri>BezoekersparkerenMediator/RegistrerenBezoekersrecht.registrerenbezoekersrecht_client</source.uri>
    <target.uri>RegistrerenBezoekersrecht/registrerenbezoekersrecht_client</target.uri>
  </wire>
  <wire>
    <source.uri>RegistrerenBezoekersrecht/ParkeerrechtenSessionEJBBeanService</source.uri>
    <target.uri>ParkeerrechtenSessionEJBBeanService</target.uri>
  </wire>
  <wire>
    <source.uri>BezoekersparkerenMediator/Afmelden.afmelden_client</source.uri>
    <target.uri>Afmelden/afmelden_client</target.uri>
  </wire>
  <wire>
    <source.uri>Afmelden/ParkeerrechtenSessionEJBBeanService</source.uri>
    <target.uri>ParkeerrechtenSessionEJBBeanService</target.uri>
  </wire>
  <wire>
    <source.uri>BezoekersparkerenMediator/ValidatieAanvraagBezoekersrecht.validatieaanvraagbezoekersrecht_client</source.uri>
    <target.uri>ValidatieAanvraagBezoekersrecht/validatieaanvraagbezoekersrecht_client</target.uri>
  </wire>
  <wire>
    <source.uri>Afmelden/WebSocketReference</source.uri>
    <target.uri>WebSocketReference</target.uri>
  </wire>
  <wire>
    <source.uri>MuterenEindtijd/WebSocketReference</source.uri>
    <target.uri>WebSocketReference</target.uri>
  </wire>
  <wire>
    <source.uri>BezoekersRegistratie/HlmUtilServices</source.uri>
    <target.uri>HlmUtilServices</target.uri>
  </wire>
  <wire>
    <source.uri>BezoekersparkerenMediator/BezoekersRegistratie.bezoekersregistratie_client</source.uri>
    <target.uri>BezoekersRegistratie/bezoekersregistratie_client</target.uri>
  </wire>
  <wire>
    <source.uri>RegistrerenBezoekersrecht/bg0310_Service</source.uri>
    <target.uri>bg0310_Service</target.uri>
  </wire>
  <wire>
    <source.uri>RegistrerenBezoekersrecht/ParkeerZoneByPostcode</source.uri>
    <target.uri>ParkeerZoneByPostcode</target.uri>
  </wire>
    <wire>
    <source.uri>MuterenBezoekersRecht/ParkeerrechtenSessionEJBBeanService</source.uri>
    <target.uri>ParkeerrechtenSessionEJBBeanService</target.uri>
  </wire>
  <wire>
    <source.uri>BezoekersparkerenMediator/MuterenBezoekersRecht.muterenbezoekersrecht_client</source.uri>
    <target.uri>MuterenBezoekersRecht/muterenbezoekersrecht_client</target.uri>
  </wire>
</composite>
