<?xml version = '1.0' encoding = 'windows-1252'?>
<jdbc-data-source xmlns:xsi="http://www.w3.org/2001/XMLSchema-instance"
                  xsi:schemaLocation="http://www.bea.com/ns/weblogic/jdbc-data-source http://www.bea.com/ns/weblogic/jdbc-data-source/1.0/jdbc-data-source.xsd"
                  xmlns="http://www.bea.com/ns/weblogic/jdbc-data-source">
    <name>THLMPAR</name>
    <jdbc-driver-params>
        <url>jdbc:oracle:thin:@SLSSC003.ssc.lan:1555:THLMPAR</url>
        <driver-name>oracle.jdbc.OracleDriver</driver-name>
        <properties>
            <property>
                <name>user</name>
                <value>parkeren</value>
            </property>
        </properties>
        <password-encrypted>948213D9B950EB1EB5106A821114A2CDDE45D7C675F9B8E8D54A7DCE162E6F77</password-encrypted>
    </jdbc-driver-params>
    <jdbc-connection-pool-params>
        <test-table-name>SQL SELECT 1 FROM DUAL</test-table-name>
    </jdbc-connection-pool-params>
    <jdbc-data-source-params>
        <jndi-name>jdbc/THLMPARDS</jndi-name>
        <scope>Application</scope>
    </jdbc-data-source-params>
</jdbc-data-source>
